C_3_11_05_BU_DYA_07-27_11-52-16_CB_RGB_DF2_M2_000019.jpg,C_3_11_05_BU_DYA_07-27_11-52-16_CB_RGB_DF2_M2_000020.jpg,C_3_11_05_BU_DYA_07-27_11-52-16_CB_RGB_DF2_M2_000021.jpg,7
C_3_11_05_BU_DYA_07-27_11-52-16_CB_RGB_DF2_M2_000022.jpg,C_3_11_05_BU_DYA_07-27_11-52-16_CB_RGB_DF2_M2_000023.jpg,C_3_11_05_BU_DYA_07-27_11-52-16_CB_RGB_DF2_M2_000024.jpg,7
C_3_11_05_BU_DYA_07-27_11-52-16_CB_RGB_DF2_M2_000025.jpg,C_3_11_05_BU_DYA_07-27_11-52-16_CB_RGB_DF2_M2_000026.jpg,C_3_11_05_BU_DYA_07-27_11-52-16_CB_RGB_DF2_M2_000027.jpg,7
C_3_11_05_BU_DYA_07-27_11-52-16_CB_RGB_DF2_M2_000028.jpg,C_3_11_05_BU_DYA_07-27_11-52-16_CB_RGB_DF2_M2_000029.jpg,C_3_11_05_BU_DYA_07-27_11-52-16_CB_RGB_DF2_M2_000030.jpg,7
C_3_11_05_BU_DYA_07-27_11-52-16_CB_RGB_DF2_M2_000031.jpg,C_3_11_05_BU_DYA_07-27_11-52-16_CB_RGB_DF2_M2_000032.jpg,C_3_11_05_BU_DYA_07-27_11-52-16_CB_RGB_DF2_M2_000033.jpg,7
C_3_11_05_BU_DYA_07-27_11-52-16_CB_RGB_DF2_M2_000034.jpg,C_3_11_05_BU_DYA_07-27_11-52-16_CB_RGB_DF2_M2_000035.jpg,C_3_11_05_BU_DYA_07-27_11-52-16_CB_RGB_DF2_M2_000036.jpg,7
C_3_11_05_BU_DYA_07-27_11-52-16_CB_RGB_DF2_M2_000037.jpg,C_3_11_05_BU_DYA_07-27_11-52-16_CB_RGB_DF2_M2_000038.jpg,C_3_11_05_BU_DYA_07-27_11-52-16_CB_RGB_DF2_M2_000039.jpg,7
C_3_11_05_BU_DYA_07-27_11-52-16_CB_RGB_DF2_M2_000040.jpg,C_3_11_05_BU_DYA_07-27_11-52-16_CB_RGB_DF2_M2_000041.jpg,C_3_11_05_BU_DYA_07-27_11-52-16_CB_RGB_DF2_M2_000042.jpg,7
C_3_11_05_BU_DYA_07-27_11-52-16_CB_RGB_DF2_M2_000043.jpg,C_3_11_05_BU_DYA_07-27_11-52-16_CB_RGB_DF2_M2_000044.jpg,C_3_11_05_BU_DYA_07-27_11-52-16_CB_RGB_DF2_M2_000045.jpg,7
C_3_11_05_BU_DYA_07-27_11-52-16_CB_RGB_DF2_M2_000046.jpg,C_3_11_05_BU_DYA_07-27_11-52-16_CB_RGB_DF2_M2_000047.jpg,C_3_11_05_BU_DYA_07-27_11-52-16_CB_RGB_DF2_M2_000048.jpg,7
C_3_11_05_BU_DYA_07-27_11-52-16_CB_RGB_DF2_M2_000049.jpg,C_3_11_05_BU_DYA_07-27_11-52-16_CB_RGB_DF2_M2_000050.jpg,C_3_11_05_BU_DYA_07-27_11-52-16_CB_RGB_DF2_M2_000051.jpg,7
C_3_11_05_BU_DYA_07-27_11-52-16_CB_RGB_DF2_M2_000052.jpg,C_3_11_05_BU_DYA_07-27_11-52-16_CB_RGB_DF2_M2_000053.jpg,C_3_11_05_BU_DYA_07-27_11-52-16_CB_RGB_DF2_M2_000054.jpg,7
C_3_11_05_BU_DYA_07-27_11-52-16_CB_RGB_DF2_M2_000055.jpg,C_3_11_05_BU_DYA_07-27_11-52-16_CB_RGB_DF2_M2_000056.jpg,C_3_11_05_BU_DYA_07-27_11-52-16_CB_RGB_DF2_M2_000057.jpg,7
C_3_11_05_BU_DYA_07-27_11-52-16_CB_RGB_DF2_M2_000058.jpg,C_3_11_05_BU_DYA_07-27_11-52-16_CB_RGB_DF2_M2_000059.jpg,C_3_11_05_BU_DYA_07-27_11-52-16_CB_RGB_DF2_M2_000060.jpg,7
C_3_11_05_BU_DYA_07-27_11-52-16_CB_RGB_DF2_M2_000061.jpg,C_3_11_05_BU_DYA_07-27_11-52-16_CB_RGB_DF2_M2_000062.jpg,C_3_11_05_BU_DYA_07-27_11-52-16_CB_RGB_DF2_M2_000063.jpg,7
C_3_11_05_BU_DYA_07-27_11-52-16_CB_RGB_DF2_M2_000064.jpg,C_3_11_05_BU_DYA_07-27_11-52-16_CB_RGB_DF2_M2_000065.jpg,C_3_11_05_BU_DYA_07-27_11-52-16_CB_RGB_DF2_M2_000066.jpg,7
C_3_11_05_BU_DYA_07-27_11-52-16_CB_RGB_DF2_M2_000067.jpg,C_3_11_05_BU_DYA_07-27_11-52-16_CB_RGB_DF2_M2_000068.jpg,C_3_11_05_BU_DYA_07-27_11-52-16_CB_RGB_DF2_M2_000069.jpg,7
C_3_11_05_BU_DYA_07-27_11-52-16_CB_RGB_DF2_M2_000070.jpg,C_3_11_05_BU_DYA_07-27_11-52-16_CB_RGB_DF2_M2_000071.jpg,C_3_11_05_BU_DYA_07-27_11-52-16_CB_RGB_DF2_M2_000072.jpg,7
C_3_11_05_BU_DYA_07-27_11-52-16_CB_RGB_DF2_M2_000073.jpg,C_3_11_05_BU_DYA_07-27_11-52-16_CB_RGB_DF2_M2_000074.jpg,C_3_11_05_BU_DYA_07-27_11-52-16_CB_RGB_DF2_M2_000075.jpg,7
C_3_11_05_BU_DYA_07-27_11-52-16_CB_RGB_DF2_M2_000076.jpg,C_3_11_05_BU_DYA_07-27_11-52-16_CB_RGB_DF2_M2_000077.jpg,C_3_11_05_BU_DYA_07-27_11-52-16_CB_RGB_DF2_M2_000078.jpg,7
C_3_11_05_BU_DYA_07-27_11-52-16_CB_RGB_DF2_M2_000079.jpg,C_3_11_05_BU_DYA_07-27_11-52-16_CB_RGB_DF2_M2_000080.jpg,C_3_11_05_BU_DYA_07-27_11-52-16_CB_RGB_DF2_M2_000081.jpg,7
C_3_11_05_BU_DYA_07-27_11-52-16_CB_RGB_DF2_M2_000082.jpg,C_3_11_05_BU_DYA_07-27_11-52-16_CB_RGB_DF2_M2_000083.jpg,C_3_11_05_BU_DYA_07-27_11-52-16_CB_RGB_DF2_M2_000084.jpg,7
C_3_11_05_BU_DYA_07-27_11-52-16_CB_RGB_DF2_M2_000085.jpg,C_3_11_05_BU_DYA_07-27_11-52-16_CB_RGB_DF2_M2_000086.jpg,C_3_11_05_BU_DYA_07-27_11-52-16_CB_RGB_DF2_M2_000087.jpg,7
C_3_11_05_BU_DYA_07-27_11-52-16_CB_RGB_DF2_M2_000088.jpg,C_3_11_05_BU_DYA_07-27_11-52-16_CB_RGB_DF2_M2_000089.jpg,C_3_11_05_BU_DYA_07-27_11-52-16_CB_RGB_DF2_M2_000090.jpg,7
C_3_11_05_BU_DYA_07-27_11-52-16_CB_RGB_DF2_M2_000091.jpg,C_3_11_05_BU_DYA_07-27_11-52-16_CB_RGB_DF2_M2_000092.jpg,C_3_11_05_BU_DYA_07-27_11-52-16_CB_RGB_DF2_M2_000093.jpg,7
C_3_11_05_BU_DYA_07-27_11-52-16_CB_RGB_DF2_M2_000094.jpg,C_3_11_05_BU_DYA_07-27_11-52-16_CB_RGB_DF2_M2_000095.jpg,C_3_11_05_BU_DYA_07-27_11-52-16_CB_RGB_DF2_M2_000096.jpg,7
C_3_11_05_BU_DYA_07-27_11-52-16_CB_RGB_DF2_M2_000097.jpg,C_3_11_05_BU_DYA_07-27_11-52-16_CB_RGB_DF2_M2_000098.jpg,C_3_11_05_BU_DYA_07-27_11-52-16_CB_RGB_DF2_M2_000099.jpg,7
C_3_11_05_BU_DYA_07-27_11-52-16_CB_RGB_DF2_M2_000100.jpg,C_3_11_05_BU_DYA_07-27_11-52-16_CB_RGB_DF2_M2_000101.jpg,C_3_11_05_BU_DYA_07-27_11-52-16_CB_RGB_DF2_M2_000102.jpg,7
C_3_11_05_BU_DYA_07-27_11-52-16_CB_RGB_DF2_M2_000103.jpg,C_3_11_05_BU_DYA_07-27_11-52-16_CB_RGB_DF2_M2_000104.jpg,C_3_11_05_BU_DYA_07-27_11-52-16_CB_RGB_DF2_M2_000105.jpg,7
C_3_11_05_BU_DYA_07-27_11-52-16_CB_RGB_DF2_M2_000106.jpg,C_3_11_05_BU_DYA_07-27_11-52-16_CB_RGB_DF2_M2_000107.jpg,C_3_11_05_BU_DYA_07-27_11-52-16_CB_RGB_DF2_M2_000108.jpg,7
C_3_11_05_BU_DYA_07-27_11-52-16_CB_RGB_DF2_M2_000109.jpg,C_3_11_05_BU_DYA_07-27_11-52-16_CB_RGB_DF2_M2_000110.jpg,C_3_11_05_BU_DYA_07-27_11-52-16_CB_RGB_DF2_M2_000111.jpg,7
C_3_11_05_BU_DYA_07-27_11-52-16_CB_RGB_DF2_M2_000112.jpg,C_3_11_05_BU_DYA_07-27_11-52-16_CB_RGB_DF2_M2_000113.jpg,C_3_11_05_BU_DYA_07-27_11-52-16_CB_RGB_DF2_M2_000114.jpg,7
C_3_11_05_BU_DYA_07-27_11-52-16_CB_RGB_DF2_M2_000115.jpg,C_3_11_05_BU_DYA_07-27_11-52-16_CB_RGB_DF2_M2_000116.jpg,C_3_11_05_BU_DYA_07-27_11-52-16_CB_RGB_DF2_M2_000117.jpg,7
C_3_11_05_BU_DYA_07-27_11-52-16_CB_RGB_DF2_M2_000118.jpg,C_3_11_05_BU_DYA_07-27_11-52-16_CB_RGB_DF2_M2_000119.jpg,C_3_11_05_BU_DYA_07-27_11-52-16_CB_RGB_DF2_M2_000120.jpg,7
C_3_11_05_BU_DYA_07-27_11-52-16_CB_RGB_DF2_M2_000121.jpg,C_3_11_05_BU_DYA_07-27_11-52-16_CB_RGB_DF2_M2_000122.jpg,C_3_11_05_BU_DYA_07-27_11-52-16_CB_RGB_DF2_M2_000123.jpg,7
C_3_11_05_BU_DYA_07-27_11-52-16_CB_RGB_DF2_M2_000124.jpg,C_3_11_05_BU_DYA_07-27_11-52-16_CB_RGB_DF2_M2_000125.jpg,C_3_11_05_BU_DYA_07-27_11-52-16_CB_RGB_DF2_M2_000126.jpg,7
C_3_11_05_BU_DYA_07-27_11-52-16_CB_RGB_DF2_M2_000127.jpg,C_3_11_05_BU_DYA_07-27_11-52-16_CB_RGB_DF2_M2_000128.jpg,C_3_11_05_BU_DYA_07-27_11-52-16_CB_RGB_DF2_M2_000129.jpg,7
C_3_11_05_BU_DYA_07-27_11-52-16_CB_RGB_DF2_M2_000130.jpg,C_3_11_05_BU_DYA_07-27_11-52-16_CB_RGB_DF2_M2_000131.jpg,C_3_11_05_BU_DYA_07-27_11-52-16_CB_RGB_DF2_M2_000132.jpg,7
C_3_11_05_BU_DYA_07-27_11-52-16_CB_RGB_DF2_M2_000133.jpg,C_3_11_05_BU_DYA_07-27_11-52-16_CB_RGB_DF2_M2_000134.jpg,C_3_11_05_BU_DYA_07-27_11-52-16_CB_RGB_DF2_M2_000135.jpg,7
C_3_11_05_BU_DYA_07-27_11-52-16_CB_RGB_DF2_M2_000136.jpg,C_3_11_05_BU_DYA_07-27_11-52-16_CB_RGB_DF2_M2_000137.jpg,C_3_11_05_BU_DYA_07-27_11-52-16_CB_RGB_DF2_M2_000138.jpg,7
C_3_11_05_BU_DYA_07-27_11-52-16_CB_RGB_DF2_M2_000139.jpg,C_3_11_05_BU_DYA_07-27_11-52-16_CB_RGB_DF2_M2_000140.jpg,C_3_11_05_BU_DYA_07-27_11-52-16_CB_RGB_DF2_M2_000141.jpg,7
C_3_11_05_BU_DYA_07-27_11-52-16_CB_RGB_DF2_M2_000142.jpg,C_3_11_05_BU_DYA_07-27_11-52-16_CB_RGB_DF2_M2_000143.jpg,C_3_11_05_BU_DYA_07-27_11-52-16_CB_RGB_DF2_M2_000144.jpg,7
C_3_11_05_BU_DYA_07-27_11-52-16_CB_RGB_DF2_M2_000145.jpg,C_3_11_05_BU_DYA_07-27_11-52-16_CB_RGB_DF2_M2_000146.jpg,C_3_11_05_BU_DYA_07-27_11-52-16_CB_RGB_DF2_M2_000147.jpg,7
C_3_11_05_BU_DYA_07-27_11-52-16_CB_RGB_DF2_M2_000148.jpg,C_3_11_05_BU_DYA_07-27_11-52-16_CB_RGB_DF2_M2_000149.jpg,C_3_11_05_BU_DYA_07-27_11-52-16_CB_RGB_DF2_M2_000150.jpg,7
C_3_11_05_BU_DYA_07-27_11-52-16_CB_RGB_DF2_M2_000151.jpg,C_3_11_05_BU_DYA_07-27_11-52-16_CB_RGB_DF2_M2_000152.jpg,C_3_11_05_BU_DYA_07-27_11-52-16_CB_RGB_DF2_M2_000153.jpg,7
C_3_11_05_BU_DYA_07-27_11-52-16_CB_RGB_DF2_M2_000154.jpg,C_3_11_05_BU_DYA_07-27_11-52-16_CB_RGB_DF2_M2_000155.jpg,C_3_11_05_BU_DYA_07-27_11-52-16_CB_RGB_DF2_M2_000156.jpg,7
C_3_11_05_BU_DYA_07-27_11-52-16_CB_RGB_DF2_M2_000157.jpg,C_3_11_05_BU_DYA_07-27_11-52-16_CB_RGB_DF2_M2_000158.jpg,C_3_11_05_BU_DYA_07-27_11-52-16_CB_RGB_DF2_M2_000159.jpg,7
C_3_11_05_BU_DYA_07-27_11-52-16_CB_RGB_DF2_M2_000160.jpg,C_3_11_05_BU_DYA_07-27_11-52-16_CB_RGB_DF2_M2_000161.jpg,C_3_11_05_BU_DYA_07-27_11-52-16_CB_RGB_DF2_M2_000162.jpg,7
C_3_11_05_BU_DYA_07-27_11-52-16_CB_RGB_DF2_M2_000163.jpg,C_3_11_05_BU_DYA_07-27_11-52-16_CB_RGB_DF2_M2_000164.jpg,C_3_11_05_BU_DYA_07-27_11-52-16_CB_RGB_DF2_M2_000165.jpg,7
C_3_11_05_BU_DYA_07-27_11-52-16_CB_RGB_DF2_M2_000166.jpg,C_3_11_05_BU_DYA_07-27_11-52-16_CB_RGB_DF2_M2_000167.jpg,C_3_11_05_BU_DYA_07-27_11-52-16_CB_RGB_DF2_M2_000168.jpg,7
C_3_11_05_BU_DYA_07-27_11-52-16_CB_RGB_DF2_M2_000169.jpg,C_3_11_05_BU_DYA_07-27_11-52-16_CB_RGB_DF2_M2_000170.jpg,C_3_11_05_BU_DYA_07-27_11-52-16_CB_RGB_DF2_M2_000171.jpg,7
C_3_11_08_BU_DYA_07-27_11-40-04_CB_RGB_DF2_M2_000020.jpg,C_3_11_08_BU_DYA_07-27_11-40-04_CB_RGB_DF2_M2_000021.jpg,C_3_11_08_BU_DYA_07-27_11-40-04_CB_RGB_DF2_M2_000022.jpg,7
C_3_11_08_BU_DYA_07-27_11-40-04_CB_RGB_DF2_M2_000023.jpg,C_3_11_08_BU_DYA_07-27_11-40-04_CB_RGB_DF2_M2_000024.jpg,C_3_11_08_BU_DYA_07-27_11-40-04_CB_RGB_DF2_M2_000025.jpg,7
C_3_11_08_BU_DYA_07-27_11-40-04_CB_RGB_DF2_M2_000026.jpg,C_3_11_08_BU_DYA_07-27_11-40-04_CB_RGB_DF2_M2_000027.jpg,C_3_11_08_BU_DYA_07-27_11-40-04_CB_RGB_DF2_M2_000028.jpg,7
C_3_11_08_BU_DYA_07-27_11-40-04_CB_RGB_DF2_M2_000029.jpg,C_3_11_08_BU_DYA_07-27_11-40-04_CB_RGB_DF2_M2_000030.jpg,C_3_11_08_BU_DYA_07-27_11-40-04_CB_RGB_DF2_M2_000031.jpg,7
C_3_11_08_BU_DYA_07-27_11-40-04_CB_RGB_DF2_M2_000032.jpg,C_3_11_08_BU_DYA_07-27_11-40-04_CB_RGB_DF2_M2_000033.jpg,C_3_11_08_BU_DYA_07-27_11-40-04_CB_RGB_DF2_M2_000034.jpg,7
C_3_11_08_BU_DYA_07-27_11-40-04_CB_RGB_DF2_M2_000035.jpg,C_3_11_08_BU_DYA_07-27_11-40-04_CB_RGB_DF2_M2_000036.jpg,C_3_11_08_BU_DYA_07-27_11-40-04_CB_RGB_DF2_M2_000037.jpg,7
C_3_11_08_BU_DYA_07-27_11-40-04_CB_RGB_DF2_M2_000038.jpg,C_3_11_08_BU_DYA_07-27_11-40-04_CB_RGB_DF2_M2_000039.jpg,C_3_11_08_BU_DYA_07-27_11-40-04_CB_RGB_DF2_M2_000040.jpg,7
C_3_11_08_BU_DYA_07-27_11-40-04_CB_RGB_DF2_M2_000041.jpg,C_3_11_08_BU_DYA_07-27_11-40-04_CB_RGB_DF2_M2_000042.jpg,C_3_11_08_BU_DYA_07-27_11-40-04_CB_RGB_DF2_M2_000043.jpg,7
C_3_11_08_BU_DYA_07-27_11-40-04_CB_RGB_DF2_M2_000044.jpg,C_3_11_08_BU_DYA_07-27_11-40-04_CB_RGB_DF2_M2_000045.jpg,C_3_11_08_BU_DYA_07-27_11-40-04_CB_RGB_DF2_M2_000046.jpg,7
C_3_11_08_BU_DYA_07-27_11-40-04_CB_RGB_DF2_M2_000047.jpg,C_3_11_08_BU_DYA_07-27_11-40-04_CB_RGB_DF2_M2_000048.jpg,C_3_11_08_BU_DYA_07-27_11-40-04_CB_RGB_DF2_M2_000049.jpg,7
C_3_11_08_BU_DYA_07-27_11-40-04_CB_RGB_DF2_M2_000050.jpg,C_3_11_08_BU_DYA_07-27_11-40-04_CB_RGB_DF2_M2_000051.jpg,C_3_11_08_BU_DYA_07-27_11-40-04_CB_RGB_DF2_M2_000052.jpg,7
C_3_11_08_BU_DYA_07-27_11-40-04_CB_RGB_DF2_M2_000053.jpg,C_3_11_08_BU_DYA_07-27_11-40-04_CB_RGB_DF2_M2_000054.jpg,C_3_11_08_BU_DYA_07-27_11-40-04_CB_RGB_DF2_M2_000055.jpg,7
C_3_11_08_BU_DYA_07-27_11-40-04_CB_RGB_DF2_M2_000056.jpg,C_3_11_08_BU_DYA_07-27_11-40-04_CB_RGB_DF2_M2_000057.jpg,C_3_11_08_BU_DYA_07-27_11-40-04_CB_RGB_DF2_M2_000058.jpg,7
C_3_11_08_BU_DYA_07-27_11-40-04_CB_RGB_DF2_M2_000059.jpg,C_3_11_08_BU_DYA_07-27_11-40-04_CB_RGB_DF2_M2_000060.jpg,C_3_11_08_BU_DYA_07-27_11-40-04_CB_RGB_DF2_M2_000061.jpg,7
C_3_11_08_BU_DYA_07-27_11-40-04_CB_RGB_DF2_M2_000062.jpg,C_3_11_08_BU_DYA_07-27_11-40-04_CB_RGB_DF2_M2_000063.jpg,C_3_11_08_BU_DYA_07-27_11-40-04_CB_RGB_DF2_M2_000064.jpg,7
C_3_11_08_BU_DYA_07-27_11-40-04_CB_RGB_DF2_M2_000065.jpg,C_3_11_08_BU_DYA_07-27_11-40-04_CB_RGB_DF2_M2_000066.jpg,C_3_11_08_BU_DYA_07-27_11-40-04_CB_RGB_DF2_M2_000067.jpg,7
C_3_11_08_BU_DYA_07-27_11-40-04_CB_RGB_DF2_M2_000068.jpg,C_3_11_08_BU_DYA_07-27_11-40-04_CB_RGB_DF2_M2_000069.jpg,C_3_11_08_BU_DYA_07-27_11-40-04_CB_RGB_DF2_M2_000070.jpg,7
C_3_11_08_BU_DYA_07-27_11-40-04_CB_RGB_DF2_M2_000071.jpg,C_3_11_08_BU_DYA_07-27_11-40-04_CB_RGB_DF2_M2_000072.jpg,C_3_11_08_BU_DYA_07-27_11-40-04_CB_RGB_DF2_M2_000073.jpg,7
C_3_11_08_BU_DYA_07-27_11-40-04_CB_RGB_DF2_M2_000074.jpg,C_3_11_08_BU_DYA_07-27_11-40-04_CB_RGB_DF2_M2_000075.jpg,C_3_11_08_BU_DYA_07-27_11-40-04_CB_RGB_DF2_M2_000076.jpg,7
C_3_11_08_BU_DYA_07-27_11-40-04_CB_RGB_DF2_M2_000077.jpg,C_3_11_08_BU_DYA_07-27_11-40-04_CB_RGB_DF2_M2_000078.jpg,C_3_11_08_BU_DYA_07-27_11-40-04_CB_RGB_DF2_M2_000079.jpg,7
C_3_11_08_BU_DYA_07-27_11-40-04_CB_RGB_DF2_M2_000080.jpg,C_3_11_08_BU_DYA_07-27_11-40-04_CB_RGB_DF2_M2_000081.jpg,C_3_11_08_BU_DYA_07-27_11-40-04_CB_RGB_DF2_M2_000082.jpg,7
C_3_11_08_BU_DYA_07-27_11-40-04_CB_RGB_DF2_M2_000083.jpg,C_3_11_08_BU_DYA_07-27_11-40-04_CB_RGB_DF2_M2_000084.jpg,C_3_11_08_BU_DYA_07-27_11-40-04_CB_RGB_DF2_M2_000085.jpg,7
C_3_11_08_BU_DYA_07-27_11-40-04_CB_RGB_DF2_M2_000086.jpg,C_3_11_08_BU_DYA_07-27_11-40-04_CB_RGB_DF2_M2_000087.jpg,C_3_11_08_BU_DYA_07-27_11-40-04_CB_RGB_DF2_M2_000088.jpg,7
C_3_11_08_BU_DYA_07-27_11-40-04_CB_RGB_DF2_M2_000089.jpg,C_3_11_08_BU_DYA_07-27_11-40-04_CB_RGB_DF2_M2_000090.jpg,C_3_11_08_BU_DYA_07-27_11-40-04_CB_RGB_DF2_M2_000091.jpg,7
C_3_11_08_BU_DYA_07-27_11-40-04_CB_RGB_DF2_M2_000092.jpg,C_3_11_08_BU_DYA_07-27_11-40-04_CB_RGB_DF2_M2_000093.jpg,C_3_11_08_BU_DYA_07-27_11-40-04_CB_RGB_DF2_M2_000094.jpg,7
C_3_11_08_BU_DYA_07-27_11-40-04_CB_RGB_DF2_M2_000095.jpg,C_3_11_08_BU_DYA_07-27_11-40-04_CB_RGB_DF2_M2_000096.jpg,C_3_11_08_BU_DYA_07-27_11-40-04_CB_RGB_DF2_M2_000097.jpg,7
C_3_11_08_BU_DYA_07-27_11-40-04_CB_RGB_DF2_M2_000098.jpg,C_3_11_08_BU_DYA_07-27_11-40-04_CB_RGB_DF2_M2_000099.jpg,C_3_11_08_BU_DYA_07-27_11-40-04_CB_RGB_DF2_M2_000100.jpg,7
C_3_11_08_BU_DYA_07-27_11-40-04_CB_RGB_DF2_M2_000101.jpg,C_3_11_08_BU_DYA_07-27_11-40-04_CB_RGB_DF2_M2_000102.jpg,C_3_11_08_BU_DYA_07-27_11-40-04_CB_RGB_DF2_M2_000103.jpg,7
C_3_11_08_BU_DYA_07-27_11-40-04_CB_RGB_DF2_M2_000104.jpg,C_3_11_08_BU_DYA_07-27_11-40-04_CB_RGB_DF2_M2_000105.jpg,C_3_11_08_BU_DYA_07-27_11-40-04_CB_RGB_DF2_M2_000106.jpg,7
C_3_11_08_BU_DYA_07-27_11-40-04_CB_RGB_DF2_M2_000107.jpg,C_3_11_08_BU_DYA_07-27_11-40-04_CB_RGB_DF2_M2_000108.jpg,C_3_11_08_BU_DYA_07-27_11-40-04_CB_RGB_DF2_M2_000109.jpg,7
C_3_11_08_BU_DYA_07-27_11-40-04_CB_RGB_DF2_M2_000110.jpg,C_3_11_08_BU_DYA_07-27_11-40-04_CB_RGB_DF2_M2_000111.jpg,C_3_11_08_BU_DYA_07-27_11-40-04_CB_RGB_DF2_M2_000112.jpg,7
C_3_11_08_BU_DYA_07-27_11-40-04_CB_RGB_DF2_M2_000113.jpg,C_3_11_08_BU_DYA_07-27_11-40-04_CB_RGB_DF2_M2_000114.jpg,C_3_11_08_BU_DYA_07-27_11-40-04_CB_RGB_DF2_M2_000115.jpg,7
C_3_11_08_BU_DYA_07-27_11-40-04_CB_RGB_DF2_M2_000116.jpg,C_3_11_08_BU_DYA_07-27_11-40-04_CB_RGB_DF2_M2_000117.jpg,C_3_11_08_BU_DYA_07-27_11-40-04_CB_RGB_DF2_M2_000118.jpg,7
C_3_11_08_BU_DYA_07-27_11-40-04_CB_RGB_DF2_M2_000119.jpg,C_3_11_08_BU_DYA_07-27_11-40-04_CB_RGB_DF2_M2_000120.jpg,C_3_11_08_BU_DYA_07-27_11-40-04_CB_RGB_DF2_M2_000121.jpg,7
C_3_11_08_BU_DYA_07-27_11-40-04_CB_RGB_DF2_M2_000122.jpg,C_3_11_08_BU_DYA_07-27_11-40-04_CB_RGB_DF2_M2_000123.jpg,C_3_11_08_BU_DYA_07-27_11-40-04_CB_RGB_DF2_M2_000124.jpg,7
C_3_11_08_BU_DYA_07-27_11-40-04_CB_RGB_DF2_M2_000125.jpg,C_3_11_08_BU_DYA_07-27_11-40-04_CB_RGB_DF2_M2_000126.jpg,C_3_11_08_BU_DYA_07-27_11-40-04_CB_RGB_DF2_M2_000127.jpg,7
C_3_11_08_BU_DYA_07-27_11-40-04_CB_RGB_DF2_M2_000128.jpg,C_3_11_08_BU_DYA_07-27_11-40-04_CB_RGB_DF2_M2_000129.jpg,C_3_11_08_BU_DYA_07-27_11-40-04_CB_RGB_DF2_M2_000130.jpg,7
C_3_11_08_BU_DYA_07-27_11-40-04_CB_RGB_DF2_M2_000131.jpg,C_3_11_08_BU_DYA_07-27_11-40-04_CB_RGB_DF2_M2_000132.jpg,C_3_11_08_BU_DYA_07-27_11-40-04_CB_RGB_DF2_M2_000133.jpg,7
C_3_11_08_BU_DYA_07-27_11-40-04_CB_RGB_DF2_M2_000134.jpg,C_3_11_08_BU_DYA_07-27_11-40-04_CB_RGB_DF2_M2_000135.jpg,C_3_11_08_BU_DYA_07-27_11-40-04_CB_RGB_DF2_M2_000136.jpg,7
C_3_11_08_BU_DYA_07-27_11-40-04_CB_RGB_DF2_M2_000137.jpg,C_3_11_08_BU_DYA_07-27_11-40-04_CB_RGB_DF2_M2_000138.jpg,C_3_11_08_BU_DYA_07-27_11-40-04_CB_RGB_DF2_M2_000139.jpg,7
C_3_11_08_BU_DYA_07-27_11-40-04_CB_RGB_DF2_M2_000140.jpg,C_3_11_08_BU_DYA_07-27_11-40-04_CB_RGB_DF2_M2_000141.jpg,C_3_11_08_BU_DYA_07-27_11-40-04_CB_RGB_DF2_M2_000142.jpg,7
C_3_11_08_BU_DYA_07-27_11-40-04_CB_RGB_DF2_M2_000143.jpg,C_3_11_08_BU_DYA_07-27_11-40-04_CB_RGB_DF2_M2_000144.jpg,C_3_11_08_BU_DYA_07-27_11-40-04_CB_RGB_DF2_M2_000145.jpg,7
C_3_11_08_BU_DYA_07-27_11-40-04_CB_RGB_DF2_M2_000146.jpg,C_3_11_08_BU_DYA_07-27_11-40-04_CB_RGB_DF2_M2_000147.jpg,C_3_11_08_BU_DYA_07-27_11-40-04_CB_RGB_DF2_M2_000148.jpg,7
C_3_11_08_BU_DYA_07-27_11-40-04_CB_RGB_DF2_M2_000149.jpg,C_3_11_08_BU_DYA_07-27_11-40-04_CB_RGB_DF2_M2_000150.jpg,C_3_11_08_BU_DYA_07-27_11-40-04_CB_RGB_DF2_M2_000151.jpg,7
C_3_11_08_BU_DYA_07-27_11-40-04_CB_RGB_DF2_M2_000152.jpg,C_3_11_08_BU_DYA_07-27_11-40-04_CB_RGB_DF2_M2_000153.jpg,C_3_11_08_BU_DYA_07-27_11-40-04_CB_RGB_DF2_M2_000154.jpg,7
C_3_11_08_BU_DYA_07-27_11-40-04_CB_RGB_DF2_M2_000155.jpg,C_3_11_08_BU_DYA_07-27_11-40-04_CB_RGB_DF2_M2_000156.jpg,C_3_11_08_BU_DYA_07-27_11-40-04_CB_RGB_DF2_M2_000157.jpg,7
C_3_11_08_BU_DYA_07-27_11-40-04_CB_RGB_DF2_M2_000158.jpg,C_3_11_08_BU_DYA_07-27_11-40-04_CB_RGB_DF2_M2_000159.jpg,C_3_11_08_BU_DYA_07-27_11-40-04_CB_RGB_DF2_M2_000160.jpg,7
C_3_11_08_BU_DYA_07-27_11-40-04_CB_RGB_DF2_M2_000161.jpg,C_3_11_08_BU_DYA_07-27_11-40-04_CB_RGB_DF2_M2_000162.jpg,C_3_11_08_BU_DYA_07-27_11-40-04_CB_RGB_DF2_M2_000163.jpg,7
C_3_11_10_BU_DYA_07-27_12-54-34_CB_RGB_DF2_F2_000009.jpg,C_3_11_10_BU_DYA_07-27_12-54-34_CB_RGB_DF2_F2_000010.jpg,C_3_11_10_BU_DYA_07-27_12-54-34_CB_RGB_DF2_F2_000011.jpg,7
C_3_11_10_BU_DYA_07-27_12-54-34_CB_RGB_DF2_F2_000012.jpg,C_3_11_10_BU_DYA_07-27_12-54-34_CB_RGB_DF2_F2_000013.jpg,C_3_11_10_BU_DYA_07-27_12-54-34_CB_RGB_DF2_F2_000014.jpg,7
C_3_11_10_BU_DYA_07-27_12-54-34_CB_RGB_DF2_F2_000015.jpg,C_3_11_10_BU_DYA_07-27_12-54-34_CB_RGB_DF2_F2_000016.jpg,C_3_11_10_BU_DYA_07-27_12-54-34_CB_RGB_DF2_F2_000017.jpg,7
C_3_11_10_BU_DYA_07-27_12-54-34_CB_RGB_DF2_F2_000018.jpg,C_3_11_10_BU_DYA_07-27_12-54-34_CB_RGB_DF2_F2_000019.jpg,C_3_11_10_BU_DYA_07-27_12-54-34_CB_RGB_DF2_F2_000020.jpg,7
C_3_11_10_BU_DYA_07-27_12-54-34_CB_RGB_DF2_F2_000021.jpg,C_3_11_10_BU_DYA_07-27_12-54-34_CB_RGB_DF2_F2_000022.jpg,C_3_11_10_BU_DYA_07-27_12-54-34_CB_RGB_DF2_F2_000023.jpg,7
C_3_11_10_BU_DYA_07-27_12-54-34_CB_RGB_DF2_F2_000024.jpg,C_3_11_10_BU_DYA_07-27_12-54-34_CB_RGB_DF2_F2_000025.jpg,C_3_11_10_BU_DYA_07-27_12-54-34_CB_RGB_DF2_F2_000026.jpg,7
C_3_11_10_BU_DYA_07-27_12-54-34_CB_RGB_DF2_F2_000027.jpg,C_3_11_10_BU_DYA_07-27_12-54-34_CB_RGB_DF2_F2_000028.jpg,C_3_11_10_BU_DYA_07-27_12-54-34_CB_RGB_DF2_F2_000029.jpg,7
C_3_11_10_BU_DYA_07-27_12-54-34_CB_RGB_DF2_F2_000030.jpg,C_3_11_10_BU_DYA_07-27_12-54-34_CB_RGB_DF2_F2_000031.jpg,C_3_11_10_BU_DYA_07-27_12-54-34_CB_RGB_DF2_F2_000032.jpg,7
C_3_11_10_BU_DYA_07-27_12-54-34_CB_RGB_DF2_F2_000033.jpg,C_3_11_10_BU_DYA_07-27_12-54-34_CB_RGB_DF2_F2_000034.jpg,C_3_11_10_BU_DYA_07-27_12-54-34_CB_RGB_DF2_F2_000035.jpg,7
C_3_11_10_BU_DYA_07-27_12-54-34_CB_RGB_DF2_F2_000036.jpg,C_3_11_10_BU_DYA_07-27_12-54-34_CB_RGB_DF2_F2_000037.jpg,C_3_11_10_BU_DYA_07-27_12-54-34_CB_RGB_DF2_F2_000038.jpg,7
C_3_11_10_BU_DYA_07-27_12-54-34_CB_RGB_DF2_F2_000039.jpg,C_3_11_10_BU_DYA_07-27_12-54-34_CB_RGB_DF2_F2_000040.jpg,C_3_11_10_BU_DYA_07-27_12-54-34_CB_RGB_DF2_F2_000041.jpg,7
C_3_11_10_BU_DYA_07-27_12-54-34_CB_RGB_DF2_F2_000042.jpg,C_3_11_10_BU_DYA_07-27_12-54-34_CB_RGB_DF2_F2_000043.jpg,C_3_11_10_BU_DYA_07-27_12-54-34_CB_RGB_DF2_F2_000044.jpg,7
C_3_11_10_BU_DYA_07-27_12-54-34_CB_RGB_DF2_F2_000045.jpg,C_3_11_10_BU_DYA_07-27_12-54-34_CB_RGB_DF2_F2_000046.jpg,C_3_11_10_BU_DYA_07-27_12-54-34_CB_RGB_DF2_F2_000047.jpg,7
C_3_11_10_BU_DYA_07-27_12-54-34_CB_RGB_DF2_F2_000048.jpg,C_3_11_10_BU_DYA_07-27_12-54-34_CB_RGB_DF2_F2_000049.jpg,C_3_11_10_BU_DYA_07-27_12-54-34_CB_RGB_DF2_F2_000050.jpg,7
C_3_11_10_BU_DYA_07-27_12-54-34_CB_RGB_DF2_F2_000051.jpg,C_3_11_10_BU_DYA_07-27_12-54-34_CB_RGB_DF2_F2_000052.jpg,C_3_11_10_BU_DYA_07-27_12-54-34_CB_RGB_DF2_F2_000053.jpg,7
C_3_11_10_BU_DYA_07-27_12-54-34_CB_RGB_DF2_F2_000054.jpg,C_3_11_10_BU_DYA_07-27_12-54-34_CB_RGB_DF2_F2_000055.jpg,C_3_11_10_BU_DYA_07-27_12-54-34_CB_RGB_DF2_F2_000056.jpg,7
C_3_11_10_BU_DYA_07-27_12-54-34_CB_RGB_DF2_F2_000057.jpg,C_3_11_10_BU_DYA_07-27_12-54-34_CB_RGB_DF2_F2_000058.jpg,C_3_11_10_BU_DYA_07-27_12-54-34_CB_RGB_DF2_F2_000059.jpg,7
C_3_11_10_BU_DYA_07-27_12-54-34_CB_RGB_DF2_F2_000060.jpg,C_3_11_10_BU_DYA_07-27_12-54-34_CB_RGB_DF2_F2_000061.jpg,C_3_11_10_BU_DYA_07-27_12-54-34_CB_RGB_DF2_F2_000062.jpg,7
C_3_11_10_BU_DYA_07-27_12-54-34_CB_RGB_DF2_F2_000063.jpg,C_3_11_10_BU_DYA_07-27_12-54-34_CB_RGB_DF2_F2_000064.jpg,C_3_11_10_BU_DYA_07-27_12-54-34_CB_RGB_DF2_F2_000065.jpg,7
C_3_11_10_BU_DYA_07-27_12-54-34_CB_RGB_DF2_F2_000066.jpg,C_3_11_10_BU_DYA_07-27_12-54-34_CB_RGB_DF2_F2_000067.jpg,C_3_11_10_BU_DYA_07-27_12-54-34_CB_RGB_DF2_F2_000068.jpg,7
C_3_11_10_BU_DYA_07-27_12-54-34_CB_RGB_DF2_F2_000069.jpg,C_3_11_10_BU_DYA_07-27_12-54-34_CB_RGB_DF2_F2_000070.jpg,C_3_11_10_BU_DYA_07-27_12-54-34_CB_RGB_DF2_F2_000071.jpg,7
C_3_11_10_BU_DYA_07-27_12-54-34_CB_RGB_DF2_F2_000072.jpg,C_3_11_10_BU_DYA_07-27_12-54-34_CB_RGB_DF2_F2_000073.jpg,C_3_11_10_BU_DYA_07-27_12-54-34_CB_RGB_DF2_F2_000074.jpg,7
C_3_11_10_BU_DYA_07-27_12-54-34_CB_RGB_DF2_F2_000075.jpg,C_3_11_10_BU_DYA_07-27_12-54-34_CB_RGB_DF2_F2_000076.jpg,C_3_11_10_BU_DYA_07-27_12-54-34_CB_RGB_DF2_F2_000077.jpg,7
C_3_11_10_BU_DYA_07-27_12-54-34_CB_RGB_DF2_F2_000078.jpg,C_3_11_10_BU_DYA_07-27_12-54-34_CB_RGB_DF2_F2_000079.jpg,C_3_11_10_BU_DYA_07-27_12-54-34_CB_RGB_DF2_F2_000080.jpg,7
C_3_11_10_BU_DYA_07-27_12-54-34_CB_RGB_DF2_F2_000081.jpg,C_3_11_10_BU_DYA_07-27_12-54-34_CB_RGB_DF2_F2_000082.jpg,C_3_11_10_BU_DYA_07-27_12-54-34_CB_RGB_DF2_F2_000083.jpg,7
C_3_11_10_BU_DYA_07-27_12-54-34_CB_RGB_DF2_F2_000084.jpg,C_3_11_10_BU_DYA_07-27_12-54-34_CB_RGB_DF2_F2_000085.jpg,C_3_11_10_BU_DYA_07-27_12-54-34_CB_RGB_DF2_F2_000086.jpg,7
C_3_11_10_BU_DYA_07-27_12-54-34_CB_RGB_DF2_F2_000087.jpg,C_3_11_10_BU_DYA_07-27_12-54-34_CB_RGB_DF2_F2_000088.jpg,C_3_11_10_BU_DYA_07-27_12-54-34_CB_RGB_DF2_F2_000089.jpg,7
C_3_11_10_BU_DYA_07-27_12-54-34_CB_RGB_DF2_F2_000090.jpg,C_3_11_10_BU_DYA_07-27_12-54-34_CB_RGB_DF2_F2_000091.jpg,C_3_11_10_BU_DYA_07-27_12-54-34_CB_RGB_DF2_F2_000092.jpg,7
C_3_11_10_BU_DYA_07-27_12-54-34_CB_RGB_DF2_F2_000093.jpg,C_3_11_10_BU_DYA_07-27_12-54-34_CB_RGB_DF2_F2_000094.jpg,C_3_11_10_BU_DYA_07-27_12-54-34_CB_RGB_DF2_F2_000095.jpg,7
C_3_11_10_BU_DYA_07-27_12-54-34_CB_RGB_DF2_F2_000096.jpg,C_3_11_10_BU_DYA_07-27_12-54-34_CB_RGB_DF2_F2_000097.jpg,C_3_11_10_BU_DYA_07-27_12-54-34_CB_RGB_DF2_F2_000098.jpg,7
C_3_11_10_BU_DYA_07-27_12-54-34_CB_RGB_DF2_F2_000099.jpg,C_3_11_10_BU_DYA_07-27_12-54-34_CB_RGB_DF2_F2_000100.jpg,C_3_11_10_BU_DYA_07-27_12-54-34_CB_RGB_DF2_F2_000101.jpg,7
C_3_11_10_BU_DYA_07-27_12-54-34_CB_RGB_DF2_F2_000102.jpg,C_3_11_10_BU_DYA_07-27_12-54-34_CB_RGB_DF2_F2_000103.jpg,C_3_11_10_BU_DYA_07-27_12-54-34_CB_RGB_DF2_F2_000104.jpg,7
C_3_11_10_BU_DYA_07-27_12-54-34_CB_RGB_DF2_F2_000105.jpg,C_3_11_10_BU_DYA_07-27_12-54-34_CB_RGB_DF2_F2_000106.jpg,C_3_11_10_BU_DYA_07-27_12-54-34_CB_RGB_DF2_F2_000107.jpg,7
C_3_11_10_BU_DYA_07-27_12-54-34_CB_RGB_DF2_F2_000108.jpg,C_3_11_10_BU_DYA_07-27_12-54-34_CB_RGB_DF2_F2_000109.jpg,C_3_11_10_BU_DYA_07-27_12-54-34_CB_RGB_DF2_F2_000110.jpg,7
C_3_11_10_BU_DYA_07-27_12-54-34_CB_RGB_DF2_F2_000111.jpg,C_3_11_10_BU_DYA_07-27_12-54-34_CB_RGB_DF2_F2_000112.jpg,C_3_11_10_BU_DYA_07-27_12-54-34_CB_RGB_DF2_F2_000113.jpg,7
C_3_11_10_BU_DYA_07-27_12-54-34_CB_RGB_DF2_F2_000114.jpg,C_3_11_10_BU_DYA_07-27_12-54-34_CB_RGB_DF2_F2_000115.jpg,C_3_11_10_BU_DYA_07-27_12-54-34_CB_RGB_DF2_F2_000116.jpg,7
C_3_11_10_BU_DYA_07-27_12-54-34_CB_RGB_DF2_F2_000117.jpg,C_3_11_10_BU_DYA_07-27_12-54-34_CB_RGB_DF2_F2_000118.jpg,C_3_11_10_BU_DYA_07-27_12-54-34_CB_RGB_DF2_F2_000119.jpg,7
C_3_11_10_BU_DYA_07-27_12-54-34_CB_RGB_DF2_F2_000120.jpg,C_3_11_10_BU_DYA_07-27_12-54-34_CB_RGB_DF2_F2_000121.jpg,C_3_11_10_BU_DYA_07-27_12-54-34_CB_RGB_DF2_F2_000122.jpg,7
C_3_11_10_BU_DYA_07-27_12-54-34_CB_RGB_DF2_F2_000123.jpg,C_3_11_10_BU_DYA_07-27_12-54-34_CB_RGB_DF2_F2_000124.jpg,C_3_11_10_BU_DYA_07-27_12-54-34_CB_RGB_DF2_F2_000125.jpg,7
C_3_11_10_BU_DYA_07-27_12-54-34_CB_RGB_DF2_F2_000126.jpg,C_3_11_10_BU_DYA_07-27_12-54-34_CB_RGB_DF2_F2_000127.jpg,C_3_11_10_BU_DYA_07-27_12-54-34_CB_RGB_DF2_F2_000128.jpg,7
C_3_11_10_BU_DYA_07-27_12-54-34_CB_RGB_DF2_F2_000129.jpg,C_3_11_10_BU_DYA_07-27_12-54-34_CB_RGB_DF2_F2_000130.jpg,C_3_11_10_BU_DYA_07-27_12-54-34_CB_RGB_DF2_F2_000131.jpg,7
C_3_11_10_BU_DYA_07-27_12-54-34_CB_RGB_DF2_F2_000132.jpg,C_3_11_10_BU_DYA_07-27_12-54-34_CB_RGB_DF2_F2_000133.jpg,C_3_11_10_BU_DYA_07-27_12-54-34_CB_RGB_DF2_F2_000134.jpg,7
C_3_11_10_BU_DYA_07-27_12-54-34_CB_RGB_DF2_F2_000135.jpg,C_3_11_10_BU_DYA_07-27_12-54-34_CB_RGB_DF2_F2_000136.jpg,C_3_11_10_BU_DYA_07-27_12-54-34_CB_RGB_DF2_F2_000137.jpg,7
C_3_11_10_BU_DYA_07-27_12-54-34_CB_RGB_DF2_F2_000138.jpg,C_3_11_10_BU_DYA_07-27_12-54-34_CB_RGB_DF2_F2_000139.jpg,C_3_11_10_BU_DYA_07-27_12-54-34_CB_RGB_DF2_F2_000140.jpg,7
C_3_11_10_BU_DYA_07-27_12-54-34_CB_RGB_DF2_F2_000141.jpg,C_3_11_10_BU_DYA_07-27_12-54-34_CB_RGB_DF2_F2_000142.jpg,C_3_11_10_BU_DYA_07-27_12-54-34_CB_RGB_DF2_F2_000143.jpg,7
C_3_11_10_BU_DYA_07-27_12-54-34_CB_RGB_DF2_F2_000144.jpg,C_3_11_10_BU_DYA_07-27_12-54-34_CB_RGB_DF2_F2_000145.jpg,C_3_11_10_BU_DYA_07-27_12-54-34_CB_RGB_DF2_F2_000146.jpg,7
C_3_11_10_BU_DYA_07-27_12-54-34_CB_RGB_DF2_F2_000147.jpg,C_3_11_10_BU_DYA_07-27_12-54-34_CB_RGB_DF2_F2_000148.jpg,C_3_11_10_BU_DYA_07-27_12-54-34_CB_RGB_DF2_F2_000149.jpg,7
C_3_11_10_BU_DYA_07-27_12-54-34_CB_RGB_DF2_F2_000150.jpg,C_3_11_10_BU_DYA_07-27_12-54-34_CB_RGB_DF2_F2_000151.jpg,C_3_11_10_BU_DYA_07-27_12-54-34_CB_RGB_DF2_F2_000152.jpg,7
C_3_11_10_BU_DYA_07-27_12-54-34_CB_RGB_DF2_F2_000153.jpg,C_3_11_10_BU_DYA_07-27_12-54-34_CB_RGB_DF2_F2_000154.jpg,C_3_11_10_BU_DYA_07-27_12-54-34_CB_RGB_DF2_F2_000155.jpg,7
C_3_11_10_BU_DYA_07-27_12-54-34_CB_RGB_DF2_F2_000156.jpg,C_3_11_10_BU_DYA_07-27_12-54-34_CB_RGB_DF2_F2_000157.jpg,C_3_11_10_BU_DYA_07-27_12-54-34_CB_RGB_DF2_F2_000158.jpg,7
C_3_11_10_BU_DYA_07-27_12-54-34_CB_RGB_DF2_F2_000159.jpg,C_3_11_10_BU_DYA_07-27_12-54-34_CB_RGB_DF2_F2_000160.jpg,C_3_11_10_BU_DYA_07-27_12-54-34_CB_RGB_DF2_F2_000161.jpg,7
C_3_11_10_BU_DYA_07-27_12-54-34_CB_RGB_DF2_F2_000162.jpg,C_3_11_10_BU_DYA_07-27_12-54-34_CB_RGB_DF2_F2_000163.jpg,C_3_11_10_BU_DYA_07-27_12-54-34_CB_RGB_DF2_F2_000164.jpg,7
C_3_11_10_BU_DYA_07-27_12-54-34_CB_RGB_DF2_F2_000165.jpg,C_3_11_10_BU_DYA_07-27_12-54-34_CB_RGB_DF2_F2_000166.jpg,C_3_11_10_BU_DYA_07-27_12-54-34_CB_RGB_DF2_F2_000167.jpg,7
C_3_11_10_BU_DYA_07-27_12-54-34_CB_RGB_DF2_F2_000168.jpg,C_3_11_10_BU_DYA_07-27_12-54-34_CB_RGB_DF2_F2_000169.jpg,C_3_11_10_BU_DYA_07-27_12-54-34_CB_RGB_DF2_F2_000170.jpg,7
C_3_11_10_BU_DYA_07-27_12-54-34_CB_RGB_DF2_F2_000171.jpg,C_3_11_10_BU_DYA_07-27_12-54-34_CB_RGB_DF2_F2_000172.jpg,C_3_11_10_BU_DYA_07-27_12-54-34_CB_RGB_DF2_F2_000173.jpg,7
C_3_11_51_BU_DYA_07-29_14-30-08_CE_RGB_DF2_F3_000115.PNG,C_3_11_51_BU_DYA_07-29_14-30-08_CE_RGB_DF2_F3_000116.PNG,C_3_11_51_BU_DYA_07-29_14-30-08_CE_RGB_DF2_F3_000117.PNG,7
C_3_11_51_BU_DYA_07-29_14-30-08_CE_RGB_DF2_F3_000118.PNG,C_3_11_51_BU_DYA_07-29_14-30-08_CE_RGB_DF2_F3_000119.PNG,C_3_11_51_BU_DYA_07-29_14-30-08_CE_RGB_DF2_F3_000120.PNG,7
C_3_11_51_BU_DYA_07-29_14-30-08_CE_RGB_DF2_F3_000121.PNG,C_3_11_51_BU_DYA_07-29_14-30-08_CE_RGB_DF2_F3_000122.PNG,C_3_11_51_BU_DYA_07-29_14-30-08_CE_RGB_DF2_F3_000123.PNG,7
C_3_11_51_BU_DYA_07-29_14-30-08_CE_RGB_DF2_F3_000124.PNG,C_3_11_51_BU_DYA_07-29_14-30-08_CE_RGB_DF2_F3_000125.PNG,C_3_11_51_BU_DYA_07-29_14-30-08_CE_RGB_DF2_F3_000126.PNG,7
C_3_11_51_BU_DYA_07-29_14-30-08_CE_RGB_DF2_F3_000127.PNG,C_3_11_51_BU_DYA_07-29_14-30-08_CE_RGB_DF2_F3_000128.PNG,C_3_11_51_BU_DYA_07-29_14-30-08_CE_RGB_DF2_F3_000129.PNG,7
C_3_11_51_BU_DYA_07-29_14-30-08_CE_RGB_DF2_F3_000130.PNG,C_3_11_51_BU_DYA_07-29_14-30-08_CE_RGB_DF2_F3_000131.PNG,C_3_11_51_BU_DYA_07-29_14-30-08_CE_RGB_DF2_F3_000132.PNG,7
C_3_11_51_BU_DYA_07-29_14-30-08_CE_RGB_DF2_F3_000133.PNG,C_3_11_51_BU_DYA_07-29_14-30-08_CE_RGB_DF2_F3_000134.PNG,C_3_11_51_BU_DYA_07-29_14-30-08_CE_RGB_DF2_F3_000135.PNG,7
C_3_11_51_BU_DYA_07-29_14-30-08_CE_RGB_DF2_F3_000136.PNG,C_3_11_51_BU_DYA_07-29_14-30-08_CE_RGB_DF2_F3_000137.PNG,C_3_11_51_BU_DYA_07-29_14-30-08_CE_RGB_DF2_F3_000138.PNG,7
C_3_11_51_BU_DYA_07-29_14-30-08_CE_RGB_DF2_F3_000139.PNG,C_3_11_51_BU_DYA_07-29_14-30-08_CE_RGB_DF2_F3_000140.PNG,C_3_11_51_BU_DYA_07-29_14-30-08_CE_RGB_DF2_F3_000141.PNG,7
C_3_11_51_BU_DYA_07-29_14-30-08_CE_RGB_DF2_F3_000142.PNG,C_3_11_51_BU_DYA_07-29_14-30-08_CE_RGB_DF2_F3_000143.PNG,C_3_11_51_BU_DYA_07-29_14-30-08_CE_RGB_DF2_F3_000144.PNG,7
